,Accuracy,Precision,Recall,F1-Score,ROC-AUC
Regressão Logística,0.8055358410220014,0.6689419795221843,0.5254691689008043,0.5885885885885885,0.8399481921599884
Random Forest,0.8026969481902059,0.6848249027237354,0.4718498659517426,0.5587301587301587,0.8194527829246327
